Feature,Importance
CourseDuration,0.35731324236963435
CourseRating,0.35532401948565867
CourseCategory,0.15389467928050796
CourseLevel,0.06631607451502337
CoursePrice,0.03381748665612651
PriceBand,0.021559592396866306
CourseType,0.011774905296182735
